{
  "model_name": "bert-base-uncased",
  "model_slug": "bert-base-uncased",
  "timestamp_utc": "2025-11-20T00:44:40.918832Z",
  "train_samples": 13966,
  "val_samples": 2996,
  "test_samples": 2997,
  "max_seq_length": 256,
  "train_batch_size": 16,
  "eval_batch_size": 32,
  "num_train_epochs": 3.0,
  "learning_rate": 2e-05,
  "weight_decay": 0.01,
  "warmup_ratio": 0.1,
  "seed": 42,
  "num_parameters": 109485316,
  "accuracy_test": 0.5949282615949283,
  "macro_f1_test": 0.5795702736256901,
  "f1_per_class_test": {
    "T1": 0.4852216748768473,
    "T2": 0.7695906432748538,
    "T3": 0.35678391959798994,
    "T4": 0.7066848567530696
  },
  "confusion_matrix_test": [
    [
      394,
      77,
      196,
      83
    ],
    [
      31,
      658,
      17,
      44
    ],
    [
      379,
      84,
      213,
      71
    ],
    [
      70,
      141,
      21,
      518
    ]
  ],
  "accuracy_val": 0.6051401869158879,
  "macro_f1_val": 0.5896542433188954,
  "f1_per_class_val": {
    "T1": 0.4953902888752305,
    "T2": 0.7698795180722892,
    "T3": 0.36010143702451397,
    "T4": 0.7332457293035479
  },
  "train_time_sec": 553.0664134049998,
  "eval_time_test_sec": 9.27479888400012,
  "throughput_samples_per_sec": 323.1336913590763,
  "model_size_mb": 418.577
}