{
  "model_name": "roberta-base",
  "model_slug": "roberta-base",
  "timestamp_utc": "2025-11-20T00:54:44.148258Z",
  "train_samples": 13966,
  "val_samples": 2996,
  "test_samples": 2997,
  "max_seq_length": 256,
  "train_batch_size": 16,
  "eval_batch_size": 32,
  "num_train_epochs": 3.0,
  "learning_rate": 2e-05,
  "weight_decay": 0.01,
  "warmup_ratio": 0.1,
  "seed": 42,
  "num_parameters": 124648708,
  "accuracy_test": 0.6950283616950284,
  "macro_f1_test": 0.6622756195253643,
  "f1_per_class_test": {
    "T1": 0.6346346346346347,
    "T2": 0.8854961832061069,
    "T3": 0.24723618090452262,
    "T4": 0.8817354793561931
  },
  "confusion_matrix_test": [
    [
      634,
      6,
      108,
      2
    ],
    [
      1,
      696,
      9,
      44
    ],
    [
      612,
      9,
      123,
      3
    ],
    [
      1,
      111,
      8,
      630
    ]
  ],
  "accuracy_val": 0.7022696929238985,
  "macro_f1_val": 0.6719146742495599,
  "f1_per_class_val": {
    "T1": 0.6308316430020284,
    "T2": 0.8940269749518305,
    "T3": 0.26534653465346536,
    "T4": 0.8974535443909153
  },
  "train_time_sec": 568.6392419840001,
  "eval_time_test_sec": 8.607692916999895,
  "throughput_samples_per_sec": 348.1769190535398,
  "model_size_mb": 480.113
}