{
  "model_name": "tfidf_logreg",
  "timestamp_utc": "2025-11-13T17:29:52.436728Z",
  "train_samples": 13966,
  "test_samples": 2997,
  "vocab_size": 20000,
  "accuracy": 0.5121788455121788,
  "macro_f1": 0.5096647505083474,
  "f1_per_class": {
    "T1": 0.3986348122866894,
    "T2": 0.6289389067524116,
    "T3": 0.39263803680981596,
    "T4": 0.6184472461844724
  },
  "confusion_matrix": [
    [
      292,
      93,
      269,
      96
    ],
    [
      78,
      489,
      70,
      113
    ],
    [
      284,
      93,
      288,
      82
    ],
    [
      61,
      130,
      93,
      466
    ]
  ],
  "train_time_sec": 0.529691000469029,
  "model_size_mb": 1.354
}