{
  "model_name": "distilbert-base-uncased",
  "model_slug": "distilbert-base-uncased",
  "timestamp_utc": "2025-11-20T00:34:53.297805Z",
  "train_samples": 13966,
  "val_samples": 2996,
  "test_samples": 2997,
  "max_seq_length": 256,
  "train_batch_size": 16,
  "eval_batch_size": 32,
  "num_train_epochs": 3.0,
  "learning_rate": 2e-05,
  "weight_decay": 0.01,
  "warmup_ratio": 0.1,
  "seed": 42,
  "num_parameters": 66956548,
  "accuracy_test": 0.5869202535869202,
  "macro_f1_test": 0.571848886656147,
  "f1_per_class_test": {
    "T1": 0.4783132530120482,
    "T2": 0.7625377643504532,
    "T3": 0.33587786259541985,
    "T4": 0.7106666666666667
  },
  "confusion_matrix_test": [
    [
      397,
      72,
      191,
      90
    ],
    [
      48,
      631,
      12,
      59
    ],
    [
      396,
      85,
      198,
      68
    ],
    [
      69,
      117,
      31,
      533
    ]
  ],
  "accuracy_val": 0.5854472630173565,
  "macro_f1_val": 0.5716696221698359,
  "f1_per_class_val": {
    "T1": 0.4929317762753534,
    "T2": 0.7521902377972466,
    "T3": 0.355406538139145,
    "T4": 0.6861499364675985
  },
  "train_time_sec": 285.29590101300005,
  "eval_time_test_sec": 4.740500987000132,
  "throughput_samples_per_sec": 632.2116603748566,
  "model_size_mb": 256.332
}